{
  "0xf10806C57b21F89A60ac5b743532fd3d4efcE18A": 155.62112245026267,
  "0xb707bbb632d01a6901Fc8FB66d076b9453570Bdf": 18.25632519876915,
  "0xf5042b588f98Fd57f0D370Fce7BF6c869597e995": 41.49291812583452,
  "0xd66bb2D2935487fCEf48bf4e26b3101FBeb7d744": 3.8431128973116313,
  "0xa0a6Dc36041fb386378458006FEcbDdD02555DdD": 40.67297615732517,
  "0xbE18f84532d8f7fb6d7919401C0096f3e257DB8b": 148.1009519656861,
  "0xA2dCB52F5cF34a84A2eBFb7D937f7051ae4C697B": 29.60485579158921,
  "0x47Cc9Ae1B382B4B6db3cAA500F78208490eB9Ce9": 2.059809995732614,
  "0x83193738E5432Ae814A1D551D2dA623cE9b500C6": 23.782184328435875,
  "0x97be59b7Fa961Ef52210939591D9cf01Ba24Ba40": 7.641768695802391,
  "0x5099fc6c5b1707Ef032Cc5727c08D3883c40B66C": 117.22708355563117,
  "0x307Bb97d85e7A157A08d375950E6dd2c2eC58744": 0.42113836583114694,
  "0x55E906De444E0215Dd6882acb42250F7b67f2c16": 3.6692404208180136,
  "0x058324b9b6DD6Cab9FFa495E64753a0A2EdD533a": 16.518008195909104,
  "0xc50546981EbB808f092B6e0634100e8E664f5662": 10.408765695308174,
  "0xd60E1044983D06713Bce887943E9d2b3982E5A7A": 1.213858217944275,
  "0xdF7495fc2EAf599A8105044D480Ad5C97488a5F1": 1.7307930500564765,
  "0xc495d99e1dc063909e4a333d9400c2ac23e44a36": 3.9840801326946074,
  "0x40FcCbE886289b95c5Cd926793bB7d1029E9941A": 7.1592436388954335,
  "0x6D9A4667e14783282517D0E3EbECf29da808c6de": 19.866312397592793,
  "0xbA420EF5D725361d8fDc58Cb1e4fa62EDa9EC990": 2.2704932418248074,
  "0x69E0E2b3d523D3b247d798a49C3fa022a46DD6bd": 50.49829147436024,
  "0x621f2A5ef987e064E76da1EB378e7193CeFC0baA": 231.44125548120175,
  "0x2079C29Be9c8095042edB95f293B5b510203d6cE": 152.39715461454938,
  "0x9E22473aCaafC54e582a0D067f96E668c6babFF4": 80.00351387201613,
  "0x3909899a6eB22a59890DE400241fb74389A680Bd": 9.49491793452071,
  "0x044c8F54235E5293dB95aC58Ac6155578B8A695e": 91.90042503902347,
  "0x3cE975b9A66a755Ed77E75c352F5e827389DabA1": 4.362364328702632,
  "0xC8D46eb7881975F9aE15216FeEBa2ff58E55803c": 9.438160091835233,
  "0x97e7f9f6987D3b06E702642459F7C4097914Ea87": 1.1257043247491394,
  "0x170A4421A8eb8eCC533e76AC097805F456a668c7": 4.617762827354581,
  "0x6A932553C062E0aFF43B59d3FBaAcA18F0Dab017": 14.22769699113477,
  "0x161b14c06a803bC215aE4Bc7e84B0700c13dfbdA": 21.11097887382674,
  "0x627199eD241424DE95771F06E4fbBf64527b4a65": 1.0580238693451036,
  "0x465e05e02A03E729e5CE3a1CbAd4ceB63A392Da2": 14.467568316120708,
  "0x0De5599BFe6E03381b4234a429e1cD66957B35A9": 1.3429219245595376,
  "0x33f844352144a9DDd91542b0adCD8Ba0dD142e93": 121.2562030294077,
  "0xAA1C2195F2d7ec7d2683Fcec2c54445a16ADBa93": 45.181644088077476,
  "0x04f8680Fb8a027cfbE422Ae3dBE2b90601f9ae57": 175.91203152037448,
  "0x431A2291782c19e1AC11ba0D0807048C89C41487": 540.1830587612866,
  "0xf9eBfE2B0c205c437214A714a28903859349ceDE": 0.4173536073062431,
  "0xd82690fCD30D6ADB6c83EDdFa1e5Ef66602d780A": 747.1788491922197,
  "0x2C810f15446a35C596ff8Ea8379A79c96F66383d": 13.860694698481106,
  "0x0bAcE7426FcaB7d32f98B6Df9A6960870228094C": 45.53072559051707,
  "0xdc05D9d19511C04c5b248273D97222d5E6fcdC6e": 45.74494405574225,
  "0xA704a85c1fc45F9c633e38BC4c96A6167C6024A1": 2.9849666250350277,
  "0x3D1afFfAF1514753EBF4448643b2FBb0202a4624": 87.75348998662906,
  "0x1B5b127f535103F079FEf9FD51B6a63DA7efdA67": 2.833669282303157,
  "0xAEe2666f39491B0961aDCDd415E04834194F743F": 53.77047567110873,
  "0xcc3F5713f786F1c41DAa4e8c4D2443fB3e312a9d": 41.525106871983006,
  "0xa33c7f924399b59A8Ee627388A108beAb5E12EaF": 46.78893561821151,
  "0x123aF2f62dFF8c3119B4CFAcFe9d8b3B706a4aB2": 11.876179447996229,
  "0xb9453aC9D15962B6537BdA06F6435F4EC03588EA": 9.483797534556036,
  "0x7b306B9698e244F6393aF2d526A8E75aaB577AFE": 0.4635527959166649,
  "0xc494a87A34F90C6CBf423776fDA3c072edB42a65": 4.622138651119645,
  "0xD2Ce2670A6428c9Ba41c2878a498A2a8c0c1748c": 1.7169969578361342,
  "0x0EbFd95Fb8f5b78878491C06E9F8AD1A495Ea51d": 22.268305481386715,
  "0x917083D3990557Fa3B29e1E26A9a15a99A1780A2": 6.646539520598761,
  "0x90aBCf1598ed3077861bCFb3B11EFcd1D7277223": 13.41133086298127,
  "0x0be5149120375A4B5ba59352D55173C9B0283C3d": 0.2591584122340698,
  "0x300ab095493cc7284f03B2D0f53a656C4A1604e5": 35.87568920858144,
  "0x647C7dA221168Fe5086cF8556FBaf1343C77b657": 26.55282916964448,
  "0xfc92f989d0882AcDb4c9F263d6283064BE2fCF50": 4.449769716137022,
  "0xC214Ea8c4AF7B5EccEadeBA94B7DF3F8D1C176AE": 21.319877000347756,
  "0xba96a2ba89eA249148ee599d2BBcD669DE94d4B6": 1.8052066742308597,
  "0x08aE17BaB5aE4237a3e25098b406961C2B81609f": 26.978560775318684,
  "0x61BdAfD5d2aa6a04572f3Da7fa79d2E181E8f7c0": 12.382411838482327,
  "0x2Cb795d9552A285043f0471cba85727509C2Eb56": 1.6396679641232124,
  "0x47f7c7bD4f5e77a2303a66dF000A9D3B3F752d54": 6.3400992463745425,
  "0xB0fb4F19B4876EA60a7e9c508B8d8647be963cD4": 9.885111298524725,
  "0x967915d15bc4D4755096F149577e1848DB84a691": 7.531713975149257,
  "0xb74e5e06f50fa9e4eF645eFDAD9d996D33cc2d9D": 5.080353255509249,
  "0xE14848Be78fD2B7f1bC8Fe3D0aC4Ed2B34E7c9Ee": 10.567364095755115,
  "0xfDCfc1188005779Ad1c70a0560Fd5bBADafFEbf5": 9.247742323470176,
  "0x9440E72cd44b76461ed16FE50266b46B500F452d": 41.545080357148244,
  "0xb67D131a75c0fAF8f90CA967e20f29faDD02DDA3": 11.33890769299219,
  "0x720b304e1f7F2ac7d1E60B03289B13a8A764F315": 19.208118982512534,
  "0x721CC4e455AC1E6c6Adbee66c9ce346244Dc6F10": 0.11930366428703025,
  "0xcb565040BEa953206dC398863638F200A326A3d9": 1.4492367902382726,
  "0xb0D24B899a24eDa250Bc98EB7148782E58C5Fb33": 3.6020606105502613,
  "0x8A830F105a42e705CFE3a0295dfCFD7259ED4570": 2.751260256593306,
  "0x2aDBc63f1a72d33b8050521eCa1b57D335bD9dbC": 23.646313875922967,
  "0x5b866e468AdB17EC4f8CE4C7Ae269B9d79bDf3Af": 1.5126404822423833
}
