{
  "0x40C3F54F55A7AD28DC54b7991815c3FD0ccB328d": 0.00021573626653137725,
  "0x9e5024936C16A00563C7266790398A07938541Ac": 33.16499785906167,
  "0xDC95764e664AA9f3E090494989231BD2486F5de0": 7.796198726910581,
  "0xdF7495fc2EAf599A8105044D480Ad5C97488a5F1": 0.0059898933903196165,
  "0xFe82ea0Ef14DfdAcd5dB1D49F563497A1a751bA1": 3594.28498852938,
  "0x7b306B9698e244F6393aF2d526A8E75aaB577AFE": 0.045161490644886865,
  "0xfF3fc772434505ABff38EEcDe3C689D4b0254528": 7.661603467828223,
  "0xeD638D08cEDfeCC75d853AFe98Db14824AFDA291": 2.072181952747577,
  "0xd60E1044983D06713Bce887943E9d2b3982E5A7A": 0.2715189566113968,
  "0x9440E72cd44b76461ed16FE50266b46B500F452d": 0.042665333433540155,
  "0xb74e5e06f50fa9e4eF645eFDAD9d996D33cc2d9D": 2.4015893424958237,
  "0xd82690fCD30D6ADB6c83EDdFa1e5Ef66602d780A": 0.04348754865311536,
  "0x044c8F54235E5293dB95aC58Ac6155578B8A695e": 0.6067516662750232,
  "0x431A2291782c19e1AC11ba0D0807048C89C41487": 0.0059739008008070065,
  "0x61BdAfD5d2aa6a04572f3Da7fa79d2E181E8f7c0": 0.009235224535205016,
  "0xcc3F5713f786F1c41DAa4e8c4D2443fB3e312a9d": 20.651194317823688,
  "0x08aE17BaB5aE4237a3e25098b406961C2B81609f": 0.14739237279053682,
  "0x5b866e468AdB17EC4f8CE4C7Ae269B9d79bDf3Af": 0.32010368035123643
}
