{
  "0xb9453aC9D15962B6537BdA06F6435F4EC03588EA": 462.51050752774546,
  "0xd66bb2D2935487fCEf48bf4e26b3101FBeb7d744": 164.24902275465374,
  "0x15ab0e35e55a4A3f6a6Ae7D1068892B9bf70CFB2": 198.72130104381898,
  "0xf5042b588f98Fd57f0D370Fce7BF6c869597e995": 308.24316530261814,
  "0xf10806C57b21F89A60ac5b743532fd3d4efcE18A": 5299.278851189465,
  "0x83193738E5432Ae814A1D551D2dA623cE9b500C6": 4905.971731728978,
  "0x03d35842847552cF376B790C52061D70bE3cCb35": 165.27367265282155,
  "0x6A932553C062E0aFF43B59d3FBaAcA18F0Dab017": 456.5111310100104,
  "0x33f844352144a9DDd91542b0adCD8Ba0dD142e93": 3697.427940941068,
  "0x3a9c7Db0cb65e9318Aa082d5EA83E327AB9fCD76": 63.93913738225149,
  "0x621f2A5ef987e064E76da1EB378e7193CeFC0baA": 2591.106420787505,
  "0xD2Ce2670A6428c9Ba41c2878a498A2a8c0c1748c": 38.81469492066681,
  "0xa0a6Dc36041fb386378458006FEcbDdD02555DdD": 910.4114981019113,
  "0x3cE975b9A66a755Ed77E75c352F5e827389DabA1": 97.40788879556636,
  "0x0481bDA39e00bCC24ac276903BcDF3893D8A97ca": 40.22568079291252,
  "0x161b14c06a803bC215aE4Bc7e84B0700c13dfbdA": 470.23872597545204,
  "0xfc92f989d0882AcDb4c9F263d6283064BE2fCF50": 98.04131824223978,
  "0x40C3F54F55A7AD28DC54b7991815c3FD0ccB328d": 305.6265782758668,
  "0x307Bb97d85e7A157A08d375950E6dd2c2eC58744": 9.239262188209809,
  "0x97e7f9f6987D3b06E702642459F7C4097914Ea87": 24.549698517148112,
  "0xAA1C2195F2d7ec7d2683Fcec2c54445a16ADBa93": 974.6381434077364,
  "0x90aBCf1598ed3077861bCFb3B11EFcd1D7277223": 193.0953776430985,
  "0xAD7748a9B5482256F449243a432541D17dE17e24": 32.82547278992457,
  "0x97be59b7Fa961Ef52210939591D9cf01Ba24Ba40": 74.82571591059101,
  "0x6cA208b5d78eF3C614CA284C92b6019d4A5126D2": 1025.4020781648605,
  "0xcb565040BEa953206dC398863638F200A326A3d9": 24.98082979227589,
  "0xbE18f84532d8f7fb6d7919401C0096f3e257DB8b": 1416.1953293877946,
  "0x5099fc6c5b1707Ef032Cc5727c08D3883c40B66C": 1915.8308509203864,
  "0x968688d977124B07477c62225d4D1B8E3412147d": 1443.6095756894706,
  "0x058324b9b6DD6Cab9FFa495E64753a0A2EdD533a": 153.30689742875828,
  "0xb707bbb632d01a6901Fc8FB66d076b9453570Bdf": 284.68955541233566,
  "0x9e5024936C16A00563C7266790398A07938541Ac": 540.5475357253735,
  "0x40FcCbE886289b95c5Cd926793bB7d1029E9941A": 113.84212627669383,
  "0x627199eD241424DE95771F06E4fbBf64527b4a65": 15.87356690252208,
  "0xDC95764e664AA9f3E090494989231BD2486F5de0": 118.77687106121174,
  "0xdF7495fc2EAf599A8105044D480Ad5C97488a5F1": 24.71953868582089,
  "0x47Cc9Ae1B382B4B6db3cAA500F78208490eB9Ce9": 14.936631253514113,
  "0x2079C29Be9c8095042edB95f293B5b510203d6cE": 1708.6210328120947,
  "0xdF0713503BcA7a6f939b5c100DE9C49aaC5DD2E1": 0.9851287699960742,
  "0x69E0E2b3d523D3b247d798a49C3fa022a46DD6bd": 443.08356399443494,
  "0x6DeF2836746435353f361906Ff86fb67083FfDFd": 643.2000078488765,
  "0x55E906De444E0215Dd6882acb42250F7b67f2c16": 21.975941991320905
}
