{
  "0xbafEF2d48510ff3B467Fbe33a019A57BD2AC15Ed": 0.41015576547976745,
  "0x2f068B113a7f7d204916f532882E517C32E8379b": 0.0008148881629547144,
  "0xeDd823a6Cd4fFdc47278E732a76F5e9957D959eA": 0.006852727512039652,
  "0x04Bebeff9348fE27d0DeaBD63158ef6b730C558c": 0.0006808800905567926,
  "0xd90729E77Be9bc84C9FF3A96162DD5fbD0650FC4": 7.763199357466034,
  "0x52bB1a703F7b1289584254CCd0742B6E1A32E916": 0.7021943373021815,
  "0x2D6c13Aee92FCf9eFae2a3938b808a7301BFd29F": 14.094084592291383,
  "0x03b0E4A19F357a112BE59d658eC4E2834d510F39": 7.086095110923816,
  "0x5C5cE0BECb661467a08d591d106dEd0C1d9fB820": 2.1268691920894396,
  "0xF90A01Af91468F5418cDA5Ed6b19C51550eB5352": 0.6180284618793318,
  "0x25d4CfA0bB42F9ABFe623f03968a8E0f1a709cE8": 8.067981848956924,
  "0xeB4ab33C88AEE97CC5C38E27DE19eC07DD2Ea88D": 15.791426527277208,
  "0x5ddD6438aA2791240b55a568e5841833532e66d6": 1.5017139018597514,
  "0xa128519609A9BEE3Be59E6FFf6d8350D8E8B53AC": 2.782584565802547,
  "0x0310DEE97b42063BbB46d02a674727C13eb79cFD": 3587.0383265448418,
  "0x115b72c42fA4d48777A26F612a26BDecf3D40b2d": 0.01907092446721943,
  "0x442Dc7d2E50a30dd218914784F6840c5557F18A8": 3.1743362932657293,
  "0xf8536e59839211e0c29B2408364F368B0e127C31": 0.8790317531280106,
  "0x395457444d9E0Bbb9aE73F32b88B246B90B1e0f0": 2.9880391821776464,
  "0x4166d3a2682b0764415EA2Ea2dC170afb518f523": 18.85042535730952,
  "0xbE09EbCB9c02342c3C94c7a3DF8C9ce586e6F629": 0.6257559392352926,
  "0xB0aC86637E25B1608f5a47d3ABF7a0173a41dD37": 0.01324052743270006,
  "0x92115EeE09cE338BC4586495d1fcFd86Da79b8de": 0.21253476861418244,
  "0x5D6eE40167B0FDDaD44F307d3d1AE6a58D6f4953": 0.12011149212880756,
  "0xCB7bfc8454595724FaAdF0cFBD6d13d9AfF9bE4E": 0.0018738680769030118,
  "0x5a528DBC02658EF2A71dB28F70623352f6b7c877": 0.9342767287699857,
  "0x61e193e514DE408F57A648a641d9fcD412CdeD82": 1.3472184283303263,
  "0xcc3F5713f786F1c41DAa4e8c4D2443fB3e312a9d": 1.7579324743166558,
  "0x6707Aec6Cf2c970D8EA5a10292d258330BDD6d23": 0.05470027781939898,
  "0xD6E6A9d952f56E48462092bBaDaB346e95E987A4": 0.04326465448108446,
  "0x31c2E2daA40FaBc0Ac40e6A91a68aDc45D44A357": 0.060278827060952805,
  "0x5D08d06056E4C118F212A7f10B7AC104C955a2cd": 0.9279761530041745,
  "0x5069ceBB23B0b0617c22ACb2cD05f09A2712497B": 0.4533956132842015,
  "0x50f2655175855B9Dcbe496822e196D5Ad52cFCEA": 0.014278035160979545
}
