{
  "0x2146C5e2777034c50a8edE7e4E5B67d132175168": 105.06295018349611,
  "0xA0A4b3AA012cd47a03E46bb04e127F9AfF9C01B2": 523.7991788704722,
  "0x7d4FE5f90328373Bb8d81f35952b1f9A06294f55": 2.1084439295207096,
  "0x7f8DF7a5D72e88ea27798Ff604959d235AAb5090": 2.0892543938603487,
  "0x0b858CFCfE79D027D87D4B51971FfeCaEB53079d": 13.165588327238481,
  "0x45564D0A5c602462b89130e616b9735aa6091c4E": 2.313095449277681,
  "0xf853184415AC2312844E77Cc7BaBda372e8F56aF": 523.8610348090431,
  "0xb669b9E2613d7c3dF3F7E05521dc9721a9A92D10": 29.565605921485616,
  "0xb0cFeA22b93a4C85C46c55f6e665a77fefC5D197": 3.112348891406546,
  "0xcc3F5713f786F1c41DAa4e8c4D2443fB3e312a9d": 98.21689055984037,
  "0xE14848Be78fD2B7f1bC8Fe3D0aC4Ed2B34E7c9Ee": 2.153377331572549,
  "0x23E8Ea8Cc58Fdb08d86502010F652e14ae49EB1f": 18.627945687541096,
  "0x0cCd8b00cD70EfBCF84dabeA9C2a964bEcfDa5BB": 16.886606259774574,
  "0x058324b9b6DD6Cab9FFa495E64753a0A2EdD533a": 17.855208786133723,
  "0x96A533CaC2E15eD88Df94A1D6bE4B3Dd31d28A9a": 5.920229633100685,
  "0x1Fa452a4cc3e64D0471AAE267A76bc389399E868": 3.052175288353833,
  "0xfeDf3f726E77a7c5fF0304043F49bb261C47a1E2": 13.941653508168265,
  "0xdF7495fc2EAf599A8105044D480Ad5C97488a5F1": 3.458058558398953,
  "0x77a77E268133448EbC45039A05243a4acAba0e14": 4.0746777609369635,
  "0x6D9A4667e14783282517D0E3EbECf29da808c6de": 31.309506138073267,
  "0xE2b17eD44300e3d1f147C1230c677bB55752Ee5a": 2.321822567604723,
  "0xAa74f9dF7664e66783ECA091f93DDE27b233b58B": 16.892978207218285,
  "0x9693200746C056Bb3E548B6A25c5Fb1d5db2d874": 0.591897500148146,
  "0x0bAcE7426FcaB7d32f98B6Df9A6960870228094C": 109.57539901012603,
  "0x662217Cbc3F0Bca99B02ac20000e0dE3ffB02a96": 0.8095773745618576,
  "0xE3e202b2CAC2B3eC41219C69fE0D2352b19cef69": 6.379735956671292,
  "0xd833E38cae3D7119D1979Abcf30B86C0bC635B1C": 86.61955066076726,
  "0x1e048b156383eC6BE20bC5438e7Dd3F3e03D1025": 3.7040480868667855,
  "0x837A9901300312c86884902DB2bFd343A93604Dc": 8.705908368402566,
  "0xb5ee30f01490A30aE66eb7A50FD8812b4682a20B": 7.415731084598809,
  "0x1d95790a6F59b51cC366C89678F77693d59B63b0": 15.077073734903069,
  "0xBd6622C542C04A9dD545670a7D161ba6e00D11Aa": 0.15413383638713313,
  "0x12a33655C56A04Bcc370e417ad70ac1FE802c223": 1.6359656783047352,
  "0xd651A34A382A5795Bf26cFfd39D78618C98AA9f4": 2.1482162908424707,
  "0x0f2aF62Ace78eFdbC0592E01173CaCbC341d64b2": 10.18258769749133,
  "0x115d0d8822efc9607c52B04628098b48970B993b": 5.000407045367126,
  "0xF6C29e3d6AB839a413cE3b54aF59A6d4ee5ce5a5": 7.754820264039093,
  "0xECB032DF1ab4Fb7cDD486Afbd5D1445c7b2e220F": 2.6615218302296784,
  "0x9BDa81715596C44Db6D8AFdEdeB60231325671c4": 0.6852740580903527,
  "0x1A092501f55B6A4AB7287346e33c288786AB1a54": 1.962642268608314,
  "0x47CE3c23a5D72A12E6E03cbE688f8C67329f8276": 3.232085259367963,
  "0x661097a23b443129437eFa75b52Ae79425b54f75": 27.069053686263466,
  "0xd91351f80a23398126Cc17F4E255a28942583410": 1.0263282264829054,
  "0x5069ceBB23B0b0617c22ACb2cD05f09A2712497B": 15.157505582299933,
  "0x09De493937ED6774210A297f3266045569F5C166": 9.358993938359703,
  "0x0DEdD9ed281A4cb7fbc91A4Ef7790dd8F669C899": 62.17636488059428,
  "0x9D60bd851A86C5b423353b6383c944be90837DAa": 7.416846756287202,
  "0x945294C67752BD0A453975c04e3078c487a858df": 1.3391283813082575,
  "0x5a528DBC02658EF2A71dB28F70623352f6b7c877": 8.941776757622321,
  "0x5D6eE40167B0FDDaD44F307d3d1AE6a58D6f4953": 2.8750799345241353,
  "0x123aF2f62dFF8c3119B4CFAcFe9d8b3B706a4aB2": 4.975563205258005,
  "0x124aC1BBaD35DEE1cd977c4942550C4Bada03710": 1.212688968690256,
  "0x681694D348f45c9Eca4e968cC4cdF996352970aC": 11.87102088643981,
  "0xf580486071bd8F793dD74aa306807318Fc944353": 8.107760653384977,
  "0x80dE0CBd88d0ab461c519083f1Af32d626470f3F": 11.319046821477457,
  "0x6E5f7Bd9B940287F6C9AE8A2Ecfb93224A09cba5": 8.972994071950618,
  "0xC82e53057b4101dFCf99D48ed62f36e49008845A": 322.76058166582834,
  "0xc8e9B24Afee116A08387414F6B6A8e8823F00fA3": 35.26161157999094,
  "0xcB726F13479963934E91b6F34b6E87eC69c21bB9": 36.88123570262186,
  "0x7D43106D1bab0DED316bE5111C8Db8d66898996D": 0.5018788170332227,
  "0x2A18c8586C4716686448ba29E649e5c940Af0D7b": 4.160570105223752,
  "0xa152F7e5A4a863d59B96DDe401AbeeCCDa210be6": 15.538001447007233,
  "0xE447440240fA0b591C54BdD60CC7310b65b57Da7": 21.025366360911683,
  "0x834AdDa8597eda06d14eA8583E52891a2Ceee327": 31.816832818143684,
  "0x8aCB0b444583Fbe0E56f9AdE6b8469a90B303ad6": 1.561478636496318,
  "0x79063F1F36C974cf4033E9ecB30086fAe0882d7c": 13.137873401241407,
  "0x1B366f42D0478aFf04C77105B4E994fa574DAdcA": 14.894114277726143,
  "0x3C547D1D260e35ad59Cc1b4C2Ef5D50C179FB34a": 19.755486318102935,
  "0x968a0e5603c5D4dbF24cbd7df562921d158aD19C": 0.2466483748829779,
  "0x5C5cE0BECb661467a08d591d106dEd0C1d9fB820": 2.500305624656383,
  "0x4760414D65B712C27B7018EA39e3839c921874e4": 5.026759460639372,
  "0x65C084B69b7F21aCEFe2c68AA25C67Efd2E10160": 572.8502484782293,
  "0xB0aC86637E25B1608f5a47d3ABF7a0173a41dD37": 0.8759865374995769,
  "0x92115EeE09cE338BC4586495d1fcFd86Da79b8de": 1.8524522986177148,
  "0x2385E3190b4A5BC63c4a90dD0154504EE2E1DbF1": 6.455579410055312,
  "0xc31B0E8B0F3b35a93dE81ffaF221c380DF914231": 10.63736814798481,
  "0x0A117677Be4B8D258D9BCB9F86Cb9600e658952B": 0.7718119178883817,
  "0x87c03D35fc649d088298cE4a2191efcB1Eb830C2": 5.8771115642557525,
  "0xf2F5dA016955De491A614a81c557DB04De2d46A8": 0.6275825643181947,
  "0xbdBfbB49EC9c1D18e2976062616d60e8d3126D7d": 0.08673074587837762,
  "0xaDf094b2B6D2C6f4d8e60f714Be005A378b26D36": 45.34358119866944,
  "0x2225e9417d9E5e559CC3F5253E8951A030037167": 13.30036327623697,
  "0xb707bbb632d01a6901Fc8FB66d076b9453570Bdf": 0.7571417090286154,
  "0xbB0Fed8aA95eab7C04A7FEa9dD28b5288B8Dee3E": 17.167886671454472,
  "0x1cc5DCCC7A703FC3BB65851E3bC0736eDA8E7A45": 0.8092319011055619,
  "0xf662E9E0c4142eaD9A6c40F9438688C446c367e4": 1.7280587885083674,
  "0x8Ac07eCDf5ea76127a8aC8d2F8d8c08f3abe34d5": 0.7184203742431231,
  "0xdb9Dca338234381e8E783b6813e6F88191dD3e43": 2.1576930940686885,
  "0x723A5d153EdD10dc48Dd31b48539f843E77EB94C": 6.3087933711306805,
  "0x8627165022483d3Abf37AcF6edb4FC40c8c5a865": 0.28096594604156333,
  "0x1E32A4c8A76736bFD743c14462309ea16E968CE4": 1.9934418424842821,
  "0xD6E6A9d952f56E48462092bBaDaB346e95E987A4": 116.53002697132894,
  "0x5D7de07FD214f0Ad436E808B0fFe338fCa02043f": 76.5262549285192,
  "0x721CC4e455AC1E6c6Adbee66c9ce346244Dc6F10": 0.24805865372156113,
  "0x5D08d06056E4C118F212A7f10B7AC104C955a2cd": 9.764206083973015,
  "0xe6D8776Ccfc158FaAfccFb2A5B24F82FbaD04B3a": 42.66555494596723,
  "0x00a6aCadA6fCe2905c3DC3142cE96d68d8AB35Ce": 1.1883248874680603,
  "0x5E0b1f370C47cffa0e7A87137E9b8036e79Caa2a": 14.044964436698677,
  "0x4A32C9770790faD82f761E1467F174532e28AffE": 2.639805040990484,
  "0x722b87cDD744A53B91a0822d7dC4958B2561df07": 2.3832084205005577,
  "0x50f2655175855B9Dcbe496822e196D5Ad52cFCEA": 5.157637300216538,
  "0xd50F6325b568a978A0d95106f35E368faC475332": 51.43081781348664,
  "0x8A5E249Ba28C6f6492778c8850CE25EDD4A2862D": 2.767002350618528,
  "0x2bfd4587aaC2BEd484D3E651ec497E8F40653dcE": 2.158016052205259,
  "0x3f09D4411B0f4ba57A7bC3A01e7Ee71356Cf2D8F": 0.30672754618420567,
  "0x4788DEc13319E96C90440509541989DDdA7eD4E7": 7.433737224675588,
  "0x2aDBc63f1a72d33b8050521eCa1b57D335bD9dbC": 32.84473447253497,
  "0x31c2E2daA40FaBc0Ac40e6A91a68aDc45D44A357": 1.9545739609960182,
  "0x0C3852dF61093483669De8fDc695F296d919caC6": 0.6081487414220945,
  "0x2618b6187680a398c886f0af430128D9EAdc8d10": 7.765176382342881,
  "0xB045CB3CD62dB65dfd6FA6554b90B14244D17E6C": 2.9894051162865427,
  "0xaC6800Fb2507C65e86d27B8246C7182BFbba5320": 3.410908058221113,
  "0x839a061264DCA6Ae2071E4d7d8fFB6e838D7C6ca": 0.31818046864597244,
  "0xFBf805a27fA67eD846078FF8D07027250158CbB6": 153.9049778578902,
  "0xFfe433706f5147864aD93e06Cc9b42b6e58D6340": 5.391580627921086,
  "0x383dCe696f4788D2d6b3e9acF57731DA576B3221": 12.295644293928365,
  "0xa07e29da583E2F5168343a3376994EF8A57695e3": 0.5773506303935741,
  "0xcb565040BEa953206dC398863638F200A326A3d9": 0.3070368336874865,