{
  "0x945294C67752BD0A453975c04e3078c487a858df": 13.788193863882638,
  "0xbafEF2d48510ff3B467Fbe33a019A57BD2AC15Ed": 4.333123875042414,
  "0x8993801B6afc20Cfeb9D2C0A354e154CD1D79D80": 59.41623690107644,
  "0xA0A4b3AA012cd47a03E46bb04e127F9AfF9C01B2": 2764.2423218558265,
  "0x3906e62fb8C9E53710CBaf533AC787b7179C5209": 84.5562800308089,
  "0x12a33655C56A04Bcc370e417ad70ac1FE802c223": 16.844547723711855,
  "0x2146C5e2777034c50a8edE7e4E5B67d132175168": 1081.7695638906969,
  "0x1E32A4c8A76736bFD743c14462309ea16E968CE4": 20.525263271394746,
  "0xd91351f80a23398126Cc17F4E255a28942583410": 10.567480125315665,
  "0xD79501d0ea2Cd2468e6C6Fda989Da440f2fF9445": 88.11112065575263,
  "0xBE2AE891e9C8E0Ff1Eee1467e36CF055a1a4f709": 300.6021612932134,
  "0x0cd702EB9037B9a9D7005D9E766a9fA8af0d0495": 1043.138822208244,
  "0x2f068B113a7f7d204916f532882E517C32E8379b": 0.00860895213860576,
  "0xeDd823a6Cd4fFdc47278E732a76F5e9957D959eA": 0.0723961960082304,
  "0x04Bebeff9348fE27d0DeaBD63158ef6b730C558c": 0.007193212980882055,
  "0xf662E9E0c4142eaD9A6c40F9438688C446c367e4": 17.425353191727385,
  "0x058324b9b6DD6Cab9FFa495E64753a0A2EdD533a": 90.2773844159006,
  "0xFa6952F4a3bDd5d7B1CdbBBed05332b7aA58d74c": 269.79021728462715,
  "0x65C084B69b7F21aCEFe2c68AA25C67Efd2E10160": 5426.102739398452,
  "0xC82e53057b4101dFCf99D48ed62f36e49008845A": 2725.279097770539,
  "0x284810E8FE2A326B29B6A1DB77f07c752c083B9D": 220.81102281054146,
  "0xfc3C18709ad20406EF57DA950abB8Dc6EBf5af36": 28.94629826058505,
  "0xd90729E77Be9bc84C9FF3A96162DD5fbD0650FC4": 70.29384278383418,
  "0x9D60bd851A86C5b423353b6383c944be90837DAa": 64.389527189295,
  "0xbdBfbB49EC9c1D18e2976062616d60e8d3126D7d": 0.6964638791588714,
  "0xAa74f9dF7664e66783ECA091f93DDE27b233b58B": 133.90841758089178,
  "0xa05b2fe46f8D555b4ACc9a32Fcbf7EF8e73287CC": 5.264812339868072,
  "0x0f2aF62Ace78eFdbC0592E01173CaCbC341d64b2": 66.94520172227979,
  "0x0DEdD9ed281A4cb7fbc91A4Ef7790dd8F669C899": 234.90046920841513,
  "0x80FDc30D21A672EeF723b809Ed4ba7c91728D421": 9.281863775859374,
  "0xC80F4863B2a553808FF441fB036b548552EAD1Bf": 45.069320450655646,
  "0x1d95790a6F59b51cC366C89678F77693d59B63b0": 117.62329473216046,
  "0xECB032DF1ab4Fb7cDD486Afbd5D1445c7b2e220F": 20.518686536256254,
  "0x5069ceBB23B0b0617c22ACb2cD05f09A2712497B": 43.86429687384584,
  "0xc31B0E8B0F3b35a93dE81ffaF221c380DF914231": 81.68499165153811,
  "0x52bB1a703F7b1289584254CCd0742B6E1A32E916": 5.512144107655464,
  "0x48f7Db9Bb048327801B4A216a9d3ceD50Ffc96d8": 17.36036877766637,
  "0x45564D0A5c602462b89130e616b9735aa6091c4E": 17.24894023822418,
  "0xfeDf3f726E77a7c5fF0304043F49bb261C47a1E2": 100.01861501337049,
  "0x2D6c13Aee92FCf9eFae2a3938b808a7301BFd29F": 102.59818589771328,
  "0xf853184415AC2312844E77Cc7BaBda372e8F56aF": 3498.9164165707584,
  "0x77a77E268133448EbC45039A05243a4acAba0e14": 17.322858059532532,
  "0xE2b17eD44300e3d1f147C1230c677bB55752Ee5a": 9.146131657204522,
  "0xf4fd25f839882C3F3C41E57FAA6164d3930C6800": 15.25241202040197,
  "0xCA64D9E72ec188811af49D7f96ce53825e32dabC": 46.35059008594622,
  "0x662217Cbc3F0Bca99B02ac20000e0dE3ffB02a96": 5.395524585399721,
  "0x1e048b156383eC6BE20bC5438e7Dd3F3e03D1025": 19.40403834962333,
  "0x7052Ca9a83A7C1a84552385595DB4ae7d376a6DF": 19.26646646336984,
  "0x12B9dCE381eC918F45467CCFeE3b4A52dc109AB7": 165.82818482330507,
  "0x837A9901300312c86884902DB2bFd343A93604Dc": 51.71557762374789,
  "0x3f09D4411B0f4ba57A7bC3A01e7Ee71356Cf2D8F": 1.8191786139529698,
  "0xd651A34A382A5795Bf26cFfd39D78618C98AA9f4": 7.308574296325261,
  "0x0764c8a121ccA7dC9DeA6d07256Cff480b9f9500": 85.38790232117788,
  "0xF6C29e3d6AB839a413cE3b54aF59A6d4ee5ce5a5": 43.31971625401253,
  "0xE447440240fA0b591C54BdD60CC7310b65b57Da7": 115.98728517501432,
  "0x23E8Ea8Cc58Fdb08d86502010F652e14ae49EB1f": 57.151367208006924,
  "0x03b0E4A19F357a112BE59d658eC4E2834d510F39": 38.48953422163371,
  "0xcb565040BEa953206dC398863638F200A326A3d9": 1.6167754055887,
  "0x1Fa452a4cc3e64D0471AAE267A76bc389399E868": 15.975981807092408,
  "0x5C5cE0BECb661467a08d591d106dEd0C1d9fB820": 24.126088664082395,
  "0x5Ae725D8c2fC96b6471a842deE617C637DC8cc7C": 7.982193654769247,
  "0xF90A01Af91468F5418cDA5Ed6b19C51550eB5352": 3.110550136708919,
  "0x5247cb423B36888c0aAdB915847f29306cf57cBa": 7.581688284710252,
  "0x25d4CfA0bB42F9ABFe623f03968a8E0f1a709cE8": 36.7111632786358,
  "0xd833E38cae3D7119D1979Abcf30B86C0bC635B1C": 375.3139042646774,
  "0x5E0b1f370C47cffa0e7A87137E9b8036e79Caa2a": 6.87097640203358,
  "0x6CD71d6Cb7824add7c277F2CA99635D98F8b9248": 244.85615469142093,
  "0xc8e9B24Afee116A08387414F6B6A8e8823F00fA3": 126.57070632511164,
  "0x115d0d8822efc9607c52B04628098b48970B993b": 17.690530205933744,
  "0x3AB06ED2e5F75e0f573d74f240b61eFA8d8F8e88": 13.242254372992138,
  "0x23ed5208b19A40B3a4FE2ec96CEe052c8D452266": 8.804277729593682,
  "0xeB4ab33C88AEE97CC5C38E27DE19eC07DD2Ea88D": 25.62055825888996,
  "0x5ddD6438aA2791240b55a568e5841833532e66d6": 4.667900466223614,
  "0x9BDa81715596C44Db6D8AFdEdeB60231325671c4": 1.9403800423372273,
  "0xE614065a4Ac6d478F141Db4595325b537ffA2EA5": 29.037880246558302,
  "0x0e9f75AC1fF509c3E6d9DA6e55CEd123fBF95532": 44.957837795341845,
  "0x0150Ac2EfbB090921D5a6FDF089F9E9d28597243": 80.61301131012526,
  "0x0cCd8b00cD70EfBCF84dabeA9C2a964bEcfDa5BB": 27.82308270263808,
  "0xcc3F5713f786F1c41DAa4e8c4D2443fB3e312a9d": 197.17244562434848,
  "0xE14848Be78fD2B7f1bC8Fe3D0aC4Ed2B34E7c9Ee": 5.329797511304839,
  "0x2dbFC1362A4B8bc5cF73EE050F3c91FE81BB99d4": 188.35612577485279,
  "0xa128519609A9BEE3Be59E6FFf6d8350D8E8B53AC": 6.8623977614363785,
  "0x0EbFd95Fb8f5b78878491C06E9F8AD1A495Ea51d": 46.83689528067235,
  "0xF72713769a7cDec580dBd7aC632b7e8615730D6E": 0.9324111021318561,
  "0x9693200746C056Bb3E548B6A25c5Fb1d5db2d874": 1.2263709621855623,
  "0xf580486071bd8F793dD74aa306807318Fc944353": 16.486118176958872,
  "0xdF7495fc2EAf599A8105044D480Ad5C97488a5F1": 6.35970301223358,
  "0xbeEBc0c769a24f94681d05751fCDa51Fb780931f": 1.5809283032194066,
  "0x6E5f7Bd9B940287F6C9AE8A2Ecfb93224A09cba5": 4.989115805054339,
  "0xD39b19Bb9eEF3b9f328519e3B1B6Df50d3Fd8933": 18.37976952311825,
  "0xa8A551FefEeC2109c889Ac94CD2A05eD6351d38f": 0.10018178338055549,
  "0x769735E1F4572B759A290c0B4570B99140b3fEca": 148.17075100933283,
  "0xCf0392412216b5bd66F160eDDbbB27FF143ac815": 3.980394737928898,
  "0xb5ee30f01490A30aE66eb7A50FD8812b4682a20B": 2.150178224492949,
  "0x792d8cDE8624Fd02185328B426a0b9E9b8A1A25F": 126.08526934202372,
  "0x7f8DF7a5D72e88ea27798Ff604959d235AAb5090": 1.3248370288694804,
  "0xd62C1f3776b0Fa2F4f6265c049e197C972C96038": 3.286005886573239,
  "0xCA2Ba6FcCea3aCD02f1173653E2AF738d9eCaC41": 2.482278827848432
}
